"","Date","Visitor/Neutral","PTS","Home/Neutral","PTS",""
"1",2019-05-24,"Dallas Wings","72","Atlanta Dream","76","Box Score"
"2",2019-05-24,"Indiana Fever","81","New York Liberty","80","Box Score"
"3",2019-05-25,"Washington Mystics","69","Connecticut Sun","84","Box Score"
"4",2019-05-25,"Chicago Sky","71","Minnesota Lynx","89","Box Score"
"5",2019-05-25,"Phoenix Mercury","68","Seattle Storm","77","Box Score"
"6",2019-05-26,"Los Angeles Sparks","70","Las Vegas Aces","83","Box Score"
"7",2019-05-28,"Indiana Fever","77","Connecticut Sun","88","Box Score"
"8",2019-05-29,"Seattle Storm","61","Minnesota Lynx","72","Box Score"
"9",2019-05-31,"Seattle Storm","82","Atlanta Dream","66","Box Score"
"10",2019-05-31,"Connecticut Sun","70","Los Angeles Sparks","77","Box Score"
"11",2019-05-31,"Las Vegas Aces","84","Phoenix Mercury","86","Box Score"
"12",2019-06-01,"Seattle Storm","79","Chicago Sky","83","Box Score"
"13",2019-06-01,"Minnesota Lynx","70","Dallas Wings","67","Box Score"
"14",2019-06-01,"New York Liberty","77","Indiana Fever","92","Box Score"
"15",2019-06-01,"Atlanta Dream","75","Washington Mystics","96","Box Score"
"16",2019-06-02,"Connecticut Sun","80","Las Vegas Aces","74","Box Score"
"17",2019-06-04,"Los Angeles Sparks","78","New York Liberty","73","Box Score"
"18",2019-06-04,"Minnesota Lynx","77","Seattle Storm","84","Box Score"
"19",2019-06-05,"Chicago Sky","85","Washington Mystics","103","Box Score"
"20",2019-06-06,"Las Vegas Aces","92","Atlanta Dream","69","Box Score"
"21",2019-06-06,"Los Angeles Sparks","77","Connecticut Sun","89","Box Score"
"22",2019-06-06,"Phoenix Mercury","56","Minnesota Lynx","58","Box Score"
"23",2019-06-07,"Dallas Wings","64","Indiana Fever","79","Box Score"
"24",2019-06-07,"Washington Mystics","94","New York Liberty","85","Box Score"
"25",2019-06-08,"Los Angeles Sparks","89","Minnesota Lynx","85","Box Score"
"26",2019-06-09,"Connecticut Sun","65","Atlanta Dream","59","Box Score"
"27",2019-06-09,"Seattle Storm","71","Chicago Sky","78","Box Score"
"28",2019-06-09,"Phoenix Mercury","94","Indiana Fever","87","Box Score"
"29",2019-06-09,"Las Vegas Aces","78","New York Liberty","88","Box Score"
"30",2019-06-09,"Dallas Wings","62","Washington Mystics","86","Box Score"
"31",2019-06-11,"Phoenix Mercury","75","Chicago Sky","82","Box Score"
"32",2019-06-11,"Washington Mystics","75","Connecticut Sun","83","Box Score"
"33",2019-06-11,"Seattle Storm","84","Indiana Fever","82","Box Score"
"34",2019-06-12,"Minnesota Lynx","69","New York Liberty","75","Box Score"
"35",2019-06-13,"Indiana Fever","76","Dallas Wings","72","Box Score"
"36",2019-06-14,"New York Liberty","65","Las Vegas Aces","100","Box Score"
"37",2019-06-14,"Connecticut Sun","85","Minnesota Lynx","81","Box Score"
"38",2019-06-14,"Los Angeles Sparks","85","Phoenix Mercury","68","Box Score"
"39",2019-06-14,"Seattle Storm","74","Washington Mystics","71","Box Score"
"40",2019-06-15,"Atlanta Dream","61","Dallas Wings","71","Box Score"
"41",2019-06-15,"Chicago Sky","70","Indiana Fever","64","Box Score"
"42",2019-06-15,"New York Liberty","98","Los Angeles Sparks","92","Box Score"
"43",2019-06-16,"Seattle Storm","67","Connecticut Sun","81","Box Score"
"44",2019-06-16,"Las Vegas Aces","80","Minnesota Lynx","75","Box Score"
"45",2019-06-18,"Washington Mystics","81","Los Angeles Sparks","52","Box Score"
"46",2019-06-19,"Indiana Fever","78","Atlanta Dream","88","Box Score"
"47",2019-06-19,"Chicago Sky","91","New York Liberty","83","Box Score"
"48",2019-06-20,"Phoenix Mercury","54","Dallas Wings","69","Box Score"
"49",2019-06-20,"Washington Mystics","95","Las Vegas Aces","72","Box Score"
"50",2019-06-21,"Indiana Fever","76","Chicago Sky","69","Box Score"
"51",2019-06-21,"Atlanta Dream","76","Connecticut Sun","86","Box Score"
"52",2019-06-21,"Los Angeles Sparks","62","Seattle Storm","84","Box Score"
"53",2019-06-22,"Dallas Wings","68","Las Vegas Aces","86","Box Score"
"54",2019-06-22,"New York Liberty","83","Minnesota Lynx","92","Box Score"
"55",2019-06-23,"Washington Mystics","89","Atlanta Dream","73","Box Score"
"56",2019-06-23,"Connecticut Sun","75","Chicago Sky","93","Box Score"
"57",2019-06-23,"Los Angeles Sparks","72","Phoenix Mercury","82","Box Score"
"58",2019-06-23,"Indiana Fever","61","Seattle Storm","65","Box Score"
"59",2019-06-25,"Minnesota Lynx","78","Indiana Fever","74","Box Score"
"60",2019-06-25,"Seattle Storm","56","Las Vegas Aces","60","Box Score"
"61",2019-06-26,"Washington Mystics","81","Chicago Sky","74","Box Score"
"62",2019-06-26,"Connecticut Sun","73","Dallas Wings","74","Box Score"
"63",2019-06-27,"Las Vegas Aces","74","Los Angeles Sparks","86","Box Score"
"64",2019-06-28,"Dallas Wings","68","New York Liberty","69","Box Score"
"65",2019-06-28,"Indiana Fever","69","Phoenix Mercury","91","Box Score"
"66",2019-06-28,"Chicago Sky","76","Seattle Storm","79","Box Score"
"67",2019-06-29,"Indiana Fever","97","Las Vegas Aces","102","Box Score"
"68",2019-06-29,"Connecticut Sun","59","Washington Mystics","102","Box Score"
"69",2019-06-30,"New York Liberty","74","Atlanta Dream","58","Box Score"
"70",2019-06-30,"Minnesota Lynx","86","Dallas Wings","89","Box Score"
"71",2019-06-30,"Chicago Sky","69","Los Angeles Sparks","94","Box Score"
"72",2019-06-30,"Phoenix Mercury","69","Seattle Storm","67","Box Score"
"73",2019-07-02,"Chicago Sky","82","Las Vegas Aces","90","Box Score"
"74",2019-07-02,"Atlanta Dream","68","Minnesota Lynx","85","Box Score"
"75",2019-07-03,"New York Liberty","84","Seattle Storm","83","Box Score"
"76",2019-07-05,"Indiana Fever","76","Dallas Wings","56","Box Score"
"77",2019-07-05,"New York Liberty","80","Phoenix Mercury","76","Box Score"
"78",2019-07-05,"Atlanta Dream","77","Seattle Storm","66","Box Score"
"79",2019-07-06,"Minnesota Lynx","74","Connecticut Sun","71","Box Score"
"80",2019-07-07,"Dallas Wings","66","Chicago Sky","78","Box Score"
"81",2019-07-07,"Washington Mystics","81","Los Angeles Sparks","98","Box Score"
"82",2019-07-07,"Las Vegas Aces","90","New York Liberty","58","Box Score"
"83",2019-07-07,"Atlanta Dream","63","Phoenix Mercury","65","Box Score"
"84",2019-07-09,"Los Angeles Sparks","62","Dallas Wings","74","Box Score"
"85",2019-07-10,"Connecticut Sun","75","Atlanta Dream","78","Box Score"
"86",2019-07-10,"Minnesota Lynx","73","Chicago Sky","72","Box Score"
"87",2019-07-10,"Las Vegas Aces","74","Indiana Fever","71","Box Score"
"88",2019-07-10,"Phoenix Mercury","91","Washington Mystics","68","Box Score"
"89",2019-07-12,"Minnesota Lynx","53","Atlanta Dream","60","Box Score"
"90",2019-07-12,"New York Liberty","83","Chicago Sky","99","Box Score"
"91",2019-07-12,"Phoenix Mercury","64","Connecticut Sun","79","Box Score"
"92",2019-07-12,"Los Angeles Sparks","90","Indiana Fever","84","Box Score"
"93",2019-07-12,"Dallas Wings","81","Seattle Storm","95","Box Score"
"94",2019-07-13,"Las Vegas Aces","85","Washington Mystics","81","Box Score"
"95",2019-07-14,"Los Angeles Sparks","76","Atlanta Dream","71","Box Score"
"96",2019-07-14,"Chicago Sky","89","Dallas Wings","79","Box Score"
"97",2019-07-14,"Connecticut Sun","76","Indiana Fever","63","Box Score"
"98",2019-07-14,"Phoenix Mercury","62","Minnesota Lynx","75","Box Score"
"99",2019-07-14,"New York Liberty","69","Seattle Storm","78","Box Score"
"100",2019-07-17,"Atlanta Dream","76","Chicago Sky","77","Box Score"
"101",2019-07-17,"Seattle Storm","90","Minnesota Lynx","79","Box Score"
"102",2019-07-17,"Dallas Wings","64","Phoenix Mercury","69","Box Score"
"103",2019-07-18,"Dallas Wings","64","Los Angeles Sparks","69","Box Score"
"104",2019-07-19,"Atlanta Dream","69","Connecticut Sun","98","Box Score"
"105",2019-07-19,"Washington Mystics","95","Indiana Fever","88","Box Score"
"106",2019-07-19,"Las Vegas Aces","66","Seattle Storm","69","Box Score"
"107",2019-07-20,"Phoenix Mercury","70","Dallas Wings","66","Box Score"
"108",2019-07-20,"Los Angeles Sparks","78","New York Liberty","83","Box Score"
"109",2019-07-21,"Indiana Fever","70","Chicago Sky","78","Box Score"
"110",2019-07-21,"Minnesota Lynx","74","Las Vegas Aces","79","Box Score"
"111",2019-07-21,"Atlanta Dream","65","Washington Mystics","93","Box Score"
"112",2019-07-23,"Los Angeles Sparks","78","Atlanta Dream","66","Box Score"
"113",2019-07-23,"Seattle Storm","62","Las Vegas Aces","79","Box Score"
"114",2019-07-23,"Indiana Fever","77","Phoenix Mercury","95","Box Score"
"115",2019-07-24,"New York Liberty","63","Connecticut Sun","70","Box Score"
"116",2019-07-24,"Washington Mystics","79","Minnesota Lynx","71","Box Score"
"117",2019-07-30,"Chicago Sky","94","Connecticut Sun","100","Box Score"
"118",2019-07-30,"Dallas Wings","54","Las Vegas Aces","86","Box Score"
"119",2019-07-30,"Phoenix Mercury","93","Washington Mystics","99","Box Score"
"120",2019-07-31,"Atlanta Dream","59","Indiana Fever","61","Box Score"
"121",2019-08-01,"Phoenix Mercury","62","Connecticut Sun","68","Box Score"
"122",2019-08-01,"New York Liberty","64","Dallas Wings","87","Box Score"
"123",2019-08-01,"Las Vegas Aces","68","Los Angeles Sparks","76","Box Score"
"124",2019-08-02,"Washington Mystics","99","Seattle Storm","79","Box Score"
"125",2019-08-03,"Chicago Sky","87","Atlanta Dream","75","Box Score"
"126",2019-08-03,"Las Vegas Aces","75","Dallas Wings","70","Box Score"
"127",2019-08-03,"Minnesota Lynx","75","Indiana Fever","86","Box Score"
"128",2019-08-04,"Seattle Storm","75","Los Angeles Sparks","83","Box Score"
"129",2019-08-04,"Connecticut Sun","94","New York Liberty","79","Box Score"
"130",2019-08-04,"Washington Mystics","82","Phoenix Mercury","103","Box Score"
"131",2019-08-05,"Washington Mystics","99","Las Vegas Aces","70","Box Score"
"132",2019-08-06,"Minnesota Lynx","85","Atlanta Dream","69","Box Score"
"133",2019-08-07,"New York Liberty","92","Chicago Sky","101","Box Score"
"134",2019-08-08,"Phoenix Mercury","74","Los Angeles Sparks","84","Box Score"
"135",2019-08-08,"Dallas Wings","57","Seattle Storm","69","Box Score"
"136",2019-08-08,"Indiana Fever","78","Washington Mystics","91","Box Score"
"137",2019-08-09,"Chicago Sky","87","Las Vegas Aces","84","Box Score"
"138",2019-08-09,"Connecticut Sun","57","Minnesota Lynx","89","Box Score"
"139",2019-08-10,"Atlanta Dream","82","Indiana Fever","87","Box Score"
"140",2019-08-10,"Dallas Wings","80","Phoenix Mercury","77","Box Score"
"141",2019-08-11,"Chicago Sky","81","Los Angeles Sparks","84","Box Score"
"142",2019-08-11,"Connecticut Sun","81","Las Vegas Aces","89","Box Score"
"143",2019-08-11,"Seattle Storm","84","New York Liberty","69","Box Score"
"144",2019-08-11,"Minnesota Lynx","78","Washington Mystics","101","Box Score"
"145",2019-08-13,"Atlanta Dream","90","Las Vegas Aces","94","Box Score"
"146",2019-08-13,"Minnesota Lynx","89","New York Liberty","73","Box Score"
"147",2019-08-14,"Los Angeles Sparks","78","Dallas Wings","84","Box Score"
"148",2019-08-14,"Connecticut Sun","78","Phoenix Mercury","71","Box Score"
"149",2019-08-14,"Seattle Storm","59","Washington Mystics","88","Box Score"
"150",2019-08-16,"Los Angeles Sparks","81","Chicago Sky","91","Box Score"
"151",2019-08-16,"Seattle Storm","78","Connecticut Sun","79","Box Score"
"152",2019-08-16,"New York Liberty","77","Dallas Wings","83","Box Score"
"153",2019-08-16,"Washington Mystics","86","Minnesota Lynx","79","Box Score"
"154",2019-08-16,"Atlanta Dream","68","Phoenix Mercury","77","Box Score"
"155",2019-08-18,"Las Vegas Aces","100","Chicago Sky","85","Box Score"
"156",2019-08-18,"Dallas Wings","68","Connecticut Sun","78","Box Score"
"157",2019-08-18,"New York Liberty","72","Phoenix Mercury","78","Box Score"
"158",2019-08-18,"Minnesota Lynx","74","Seattle Storm","82","Box Score"
"159",2019-08-18,"Indiana Fever","68","Washington Mystics","107","Box Score"
"160",2019-08-20,"Chicago Sky","87","Atlanta Dream","83","Box Score"
"161",2019-08-20,"New York Liberty","82","Indiana Fever","76","Box Score"
"162",2019-08-20,"Minnesota Lynx","71","Los Angeles Sparks","81","Box Score"
"163",2019-08-20,"Phoenix Mercury","79","Las Vegas Aces","84","Box Score"
"164",2019-08-22,"Indiana Fever","65","Los Angeles Sparks","98","Box Score"
"165",2019-08-22,"Dallas Wings","70","Minnesota Lynx","86","Box Score"
"166",2019-08-23,"Washington Mystics","78","Chicago Sky","85","Box Score"
"167",2019-08-23,"Las Vegas Aces","85","Connecticut Sun","89","Box Score"
"168",2019-08-23,"Atlanta Dream","90","New York Liberty","87","Box Score"
"169",2019-08-25,"Atlanta Dream","77","Dallas Wings","73","Box Score"
"170",2019-08-25,"Connecticut Sun","72","Los Angeles Sparks","84","Box Score"
"171",2019-08-25,"Las Vegas Aces","77","Minnesota Lynx","98","Box Score"
"172",2019-08-25,"Chicago Sky","94","Phoenix Mercury","86","Box Score"
"173",2019-08-25,"Indiana Fever","63","Seattle Storm","54","Box Score"
"174",2019-08-25,"New York Liberty","72","Washington Mystics","101","Box Score"
"175",2019-08-27,"Las Vegas Aces","71","Indiana Fever","86","Box Score"
"176",2019-08-27,"Chicago Sky","85","Minnesota Lynx","93","Box Score"
"177",2019-08-27,"Phoenix Mercury","95","New York Liberty","82","Box Score"
"178",2019-08-27,"Connecticut Sun","89","Seattle Storm","70","Box Score"
"179",2019-08-27,"Los Angeles Sparks","66","Washington Mystics","95","Box Score"
"180",2019-08-29,"Phoenix Mercury","65","Atlanta Dream","58","Box Score"
"181",2019-08-29,"Dallas Wings","88","Chicago Sky","83","Box Score"
"182",2019-08-29,"Los Angeles Sparks","87","Indiana Fever","83","Box Score"
"183",2019-08-30,"Connecticut Sun","94","New York Liberty","84","Box Score"
"184",2019-08-31,"Washington Mystics","91","Dallas Wings","85","Box Score"
"185",2019-08-31,"Los Angeles Sparks","86","Las Vegas Aces","92","Box Score"
"186",2019-09-01,"Phoenix Mercury","78","Chicago Sky","105","Box Score"
"187",2019-09-01,"Indiana Fever","73","Minnesota Lynx","81","Box Score"
"188",2019-09-01,"Atlanta Dream","75","Seattle Storm","92","Box Score"
"189",2019-09-03,"Atlanta Dream","60","Los Angeles Sparks","70","Box Score"
"190",2019-09-03,"Washington Mystics","93","New York Liberty","77","Box Score"
"191",2019-09-03,"Seattle Storm","82","Phoenix Mercury","70","Box Score"
"192",2019-09-04,"Dallas Wings","72","Connecticut Sun","102","Box Score"
"193",2019-09-05,"Las Vegas Aces","74","Atlanta Dream","78","Box Score"
"194",2019-09-05,"Seattle Storm","68","Los Angeles Sparks","102","Box Score"
"195",2019-09-06,"Chicago Sky","109","Connecticut Sun","104","Box Score"
"196",2019-09-06,"Indiana Fever","86","New York Liberty","81","Box Score"
"197",2019-09-06,"Minnesota Lynx","83","Phoenix Mercury","69","Box Score"
"198",2019-09-06,"Dallas Wings","73","Washington Mystics","86","Box Score"
"199",2019-09-08,"New York Liberty","71","Atlanta Dream","63","Box Score"
"200",2019-09-08,"Seattle Storm","78","Dallas Wings","64","Box Score"
"201",2019-09-08,"Connecticut Sun","76","Indiana Fever","104","Box Score"
"202",2019-09-08,"Minnesota Lynx","68","Los Angeles Sparks","77","Box Score"
"203",2019-09-08,"Las Vegas Aces","98","Phoenix Mercury","89","Box Score"
"204",2019-09-08,"Chicago Sky","86","Washington Mystics","100","Box Score"
"205",NA,"Playoffs","Playoffs","Playoffs","Playoffs","Playoffs"
"206",2019-09-11,"Phoenix Mercury","76","Chicago Sky","105","Box Score"
"207",2019-09-11,"Minnesota Lynx","74","Seattle Storm","84","Box Score"
"208",2019-09-15,"Seattle Storm","69","Los Angeles Sparks","92","Box Score"
"209",2019-09-15,"Chicago Sky","92","Las Vegas Aces","93","Box Score"
"210",2019-09-17,"Los Angeles Sparks","75","Connecticut Sun","84","Box Score"
"211",2019-09-17,"Las Vegas Aces","95","Washington Mystics","97","Box Score"
"212",2019-09-19,"Los Angeles Sparks","68","Connecticut Sun","94","Box Score"
"213",2019-09-19,"Las Vegas Aces","91","Washington Mystics","103","Box Score"
"214",2019-09-22,"Connecticut Sun","78","Los Angeles Sparks","56","Box Score"
"215",2019-09-22,"Washington Mystics","75","Las Vegas Aces","92","Box Score"
"216",2019-09-24,"Washington Mystics","94","Las Vegas Aces","90","Box Score"
"217",2019-09-29,"Connecticut Sun","86","Washington Mystics","95","Box Score"
"218",2019-10-01,"Connecticut Sun","99","Washington Mystics","87","Box Score"
"219",2019-10-06,"Washington Mystics","94","Connecticut Sun","81","Box Score"
"220",2019-10-08,"Washington Mystics","86","Connecticut Sun","90","Box Score"
"221",2019-10-10,"Connecticut Sun","78","Washington Mystics","89","Box Score"
"222",2020-07-25,"Seattle Storm","87","New York Liberty","71","Box Score"
"223",2020-07-25,"Los Angeles Sparks","99","Phoenix Mercury","76","Box Score"
"224",2020-07-25,"Indiana Fever","76","Washington Mystics","101","Box Score"
"225",2020-07-26,"Dallas Wings","95","Atlanta Dream","105","Box Score"
"226",2020-07-26,"Chicago Sky","88","Las Vegas Aces","86","Box Score"
"227",2020-07-26,"Connecticut Sun","69","Minnesota Lynx","77","Box Score"
"228",2020-07-28,"Los Angeles Sparks","78","Chicago Sky","96","Box Score"
"229",2020-07-28,"Washington Mystics","94","Connecticut Sun","89","Box Score"
"230",2020-07-28,"Minnesota Lynx","66","Seattle Storm","90","Box Score"
"231",2020-07-29,"New York Liberty","80","Dallas Wings","93","Box Score"
"232",2020-07-29,"Phoenix Mercury","100","Indiana Fever","106","Box Score"
"233",2020-07-29,"Atlanta Dream","70","Las Vegas Aces","100","Box Score"
"234",2020-07-30,"Connecticut Sun","76","Los Angeles Sparks","81","Box Score"
"235",2020-07-30,"Chicago Sky","81","Minnesota Lynx","83","Box Score"
"236",2020-07-30,"Seattle Storm","71","Washington Mystics","89","Box Score"
"237",2020-07-31,"New York Liberty","78","Atlanta Dream","84","Box Score"
"238",2020-07-31,"Indiana Fever","73","Dallas Wings","76","Box Score"
"239",2020-07-31,"Las Vegas Aces","95","Phoenix Mercury","102","Box Score"
"240",2020-08-01,"Washington Mystics","86","Chicago Sky","88","Box Score"
"241",2020-08-01,"Minnesota Lynx","78","Connecticut Sun","69","Box Score"
"242",2020-08-01,"Los Angeles Sparks","75","Seattle Storm","81","Box Score"
"243",2020-08-02,"Atlanta Dream","77","Indiana Fever","93","Box Score"
"244",2020-08-02,"Dallas Wings","70","Las Vegas Aces","79","Box Score"
"245",2020-08-02,"Phoenix Mercury","96","New York Liberty","67","Box Score"
"246",2020-08-04,"Phoenix Mercury","81","Atlanta Dream","74","Box Score"
"247",2020-08-04,"Dallas Wings","79","Chicago Sky","82","Box Score"
"248",2020-08-04,"Connecticut Sun","74","Seattle Storm","87","Box Score"
"249",2020-08-05,"Indiana Fever","75","Los Angeles Sparks","86","Box Score"
"250",2020-08-05,"Minnesota Lynx","92","New York Liberty","66","Box Score"
"251",2020-08-05,"Las Vegas Aces","83","Washington Mystics","77","Box Score"
"252",2020-08-06,"Seattle Storm","93","Atlanta Dream","92","Box Score"
"253",2020-08-06,"Connecticut Sun","91","Dallas Wings","68","Box Score"
"254",2020-08-06,"Chicago Sky","86","Phoenix Mercury","96","Box Score"
"255",2020-08-07,"Los Angeles Sparks","82","Las Vegas Aces","86","Box Score"
"256",2020-08-07,"Indiana Fever","80","Minnesota Lynx","87","Box Score"
"257",2020-08-07,"New York Liberty","74","Washington Mystics","66","Box Score"
"258",2020-08-08,"Chicago Sky","100","Connecticut Sun","93","Box Score"
"259",2020-08-08,"Atlanta Dream","75","Dallas Wings","85","Box Score"
"260",2020-08-08,"Phoenix Mercury","68","Seattle Storm","74","Box Score"
"261",2020-08-09,"Washington Mystics","84","Indiana Fever","91","Box Score"
"262",2020-08-09,"Minnesota Lynx","81","Los Angeles Sparks","97","Box Score"
"263",2020-08-09,"Las Vegas Aces","78","New York Liberty","76","Box Score"
"264",2020-08-10,"Connecticut Sun","93","Atlanta Dream","82","Box Score"
"265",2020-08-10,"Phoenix Mercury","91","Dallas Wings","79","Box Score"
"266",2020-08-10,"Chicago Sky","71","Seattle Storm","89","Box Score"
"267",2020-08-11,"Las Vegas Aces","98","Indiana Fever","79","Box Score"
"268",2020-08-11,"New York Liberty","78","Los Angeles Sparks","93","Box Score"
"269",2020-08-11,"Washington Mystics","48","Minnesota Lynx","68","Box Score"
"270",2020-08-12,"Phoenix Mercury","71","Chicago Sky","89","Box Score"
"271",2020-08-12,"Dallas Wings","66","Connecticut Sun","70","Box Score"
"272",2020-08-12,"Atlanta Dream","63","Seattle Storm","100","Box Score"
"273",2020-08-13,"Minnesota Lynx","77","Las Vegas Aces","87","Box Score"
"274",2020-08-13,"Indiana Fever","86","New York Liberty","79","Box Score"
"275",2020-08-13,"Los Angeles Sparks","81","Washington Mystics","64","Box Score"
"276",2020-08-14,"Connecticut Sun","77","Chicago Sky","74","Box Score"
"277",2020-08-14,"Seattle Storm","83","Dallas Wings","65","Box Score"
"278",2020-08-14,"Atlanta Dream","80","Phoenix Mercury","96","Box Score"
"279",2020-08-15,"Los Angeles Sparks","90","Indiana Fever","76","Box Score"
"280",2020-08-15,"Washington Mystics","73","Las Vegas Aces","88","Box Score"
"281",2020-08-15,"New York Liberty","64","Minnesota Lynx","94","Box Score"
"282",2020-08-16,"Chicago Sky","92","Atlanta Dream","67","Box Score"
"283",2020-08-16,"Seattle Storm","95","Connecticut Sun","72","Box Score"
"284",2020-08-16,"Dallas Wings","95","Phoenix Mercury","89","Box Score"
"285",2020-08-18,"Las Vegas Aces","82","Chicago Sky","84","Box Score"
"286",2020-08-18,"Indiana Fever","62","Connecticut Sun","84","Box Score"
"287",2020-08-18,"New York Liberty","64","Seattle Storm","105","Box Score"
"288",2020-08-19,"Phoenix Mercury","74","Los Angeles Sparks","83","Box Score"
"289",2020-08-19,"Dallas Wings","84","Minnesota Lynx","91","Box Score"
"290",2020-08-19,"Atlanta Dream","91","Washington Mystics","98","Box Score"
"291",2020-08-20,"Seattle Storm","84","Indiana Fever","90","Box Score"
"292",2020-08-20,"Connecticut Sun","78","Las Vegas Aces","99","Box Score"
"293",2020-08-20,"Chicago Sky","101","New York Liberty","85","Box Score"
"294",2020-08-21,"Los Angeles Sparks","93","Atlanta Dream","85","Box Score"
"295",2020-08-21,"Washington Mystics","92","Dallas Wings","101","Box Score"
"296",2020-08-21,"Minnesota Lynx","90","Phoenix Mercury","80","Box Score"
"297",2020-08-22,"Indiana Fever","76","Chicago Sky","87","Box Score"
"298",2020-08-22,"New York Liberty","65","Connecticut Sun","82","Box Score"
"299",2020-08-22,"Seattle Storm","74","Las Vegas Aces","82","Box Score"
"300",2020-08-23,"Dallas Wings","81","Los Angeles Sparks","84","Box Score"
"301",2020-08-23,"Atlanta Dream","78","Minnesota Lynx","75","Box Score"
"302",2020-08-23,"Phoenix Mercury","88","Washington Mystics","87","Box Score"
"303",2020-08-25,"New York Liberty","101","Chicago Sky","99","Box Score"
"304",2020-08-25,"Las Vegas Aces","96","Dallas Wings","92","Box Score"
"305",2020-08-25,"Indiana Fever","74","Seattle Storm","87","Box Score"
"306",2020-08-28,"Minnesota Lynx","88","Atlanta Dream","79","Box Score"
"307",2020-08-28,"Los Angeles Sparks","80","Connecticut Sun","76","Box Score"
"308",2020-08-28,"Washington Mystics","72","Phoenix Mercury","94","Box Score"
"309",2020-08-29,"Seattle Storm","88","Chicago Sky","74","Box Score"
"310",2020-08-29,"Dallas Wings","82","Indiana Fever","78","Box Score"
"311",2020-08-29,"New York Liberty","63","Las Vegas Aces","80","Box Score"
"312",2020-08-30,"Atlanta Dream","79","Los Angeles Sparks","84","Box Score"
"313",2020-08-30,"Phoenix Mercury","83","Minnesota Lynx","79","Box Score"
"314",2020-08-30,"Connecticut Sun","76","Washington Mystics","63","Box Score"
"315",2020-08-31,"Chicago Sky","100","Indiana Fever","77","Box Score"
"316",2020-08-31,"Los Angeles Sparks","78","Minnesota Lynx","96","Box Score"
"317",2020-09-01,"Indiana Fever","90","Atlanta Dream","102","Box Score"
"318",2020-09-01,"Phoenix Mercury","92","Las Vegas Aces","85","Box Score"
"319",2020-09-01,"Connecticut Sun","70","New York Liberty","65","Box Score"
"320",2020-09-02,"Minnesota Lynx","86","Chicago Sky","83","Box Score"
"321",2020-09-02,"Los Angeles Sparks","91","Dallas Wings","83","Box Score"
"322",2020-09-02,"Washington Mystics","64","Seattle Storm","71","Box Score"
"323",2020-09-03,"Las Vegas Aces","93","Connecticut Sun","78","Box Score"
"324",2020-09-03,"Atlanta Dream","62","New York Liberty","56","Box Score"
"325",2020-09-03,"Indiana Fever","81","Phoenix Mercury","105","Box Score"
"326",2020-09-04,"Minnesota Lynx","88","Dallas Wings","75","Box Score"
"327",2020-09-04,"Seattle Storm","90","Los Angeles Sparks","89","Box Score"
"328",2020-09-04,"Chicago Sky","69","Washington Mystics","79","Box Score"
"329",2020-09-05,"Las Vegas Aces","89","Atlanta Dream","79","Box Score"
"330",2020-09-05,"Connecticut Sun","96","Indiana Fever","77","Box Score"
"331",2020-09-05,"New York Liberty","67","Phoenix Mercury","83","Box Score"
"332",2020-09-06,"Chicago Sky","80","Los Angeles Sparks","86","Box Score"
"333",2020-09-06,"Seattle Storm","103","Minnesota Lynx","88","Box Score"
"334",2020-09-06,"Dallas Wings","101","Washington Mystics","94","Box Score"
"335",2020-09-07,"Connecticut Sun","85","Phoenix Mercury","70","Box Score"
"336",2020-09-08,"Indiana Fever","86","Las Vegas Aces","92","Box Score"
"337",2020-09-08,"Los Angeles Sparks","96","New York Liberty","70","Box Score"
"338",2020-09-08,"Minnesota Lynx","86","Washington Mystics","89","Box Score"
"339",2020-09-09,"Atlanta Dream","97","Chicago Sky","89","Box Score"
"340",2020-09-09,"Phoenix Mercury","100","Connecticut Sun","95","Box Score"
"341",2020-09-09,"Dallas Wings","95","Seattle Storm","107","Box Score"
"342",2020-09-10,"New York Liberty","75","Indiana Fever","85","Box Score"
"343",2020-09-10,"Washington Mystics","80","Los Angeles Sparks","72","Box Score"
"344",2020-09-10,"Las Vegas Aces","104","Minnesota Lynx","89","Box Score"
"345",2020-09-11,"Atlanta Dream","82","Connecticut Sun","75","Box Score"
"346",2020-09-11,"Chicago Sky","95","Dallas Wings","88","Box Score"
"347",2020-09-11,"Seattle Storm","83","Phoenix Mercury","60","Box Score"
"348",2020-09-12,"Minnesota Lynx","98","Indiana Fever","86","Box Score"
"349",2020-09-12,"Las Vegas Aces","84","Los Angeles Sparks","70","Box Score"
"350",2020-09-12,"Washington Mystics","75","New York Liberty","58","Box Score"
"351",2020-09-13,"Washington Mystics","85","Atlanta Dream","78","Box Score"
"352",2020-09-13,"Dallas Wings","82","New York Liberty","79","Box Score"
"353",2020-09-13,"Las Vegas Aces","86","Seattle Storm","84","Box Score"
"354",NA,"Playoffs","Playoffs","Playoffs","Playoffs","Playoffs"
"355",2020-09-15,"Connecticut Sun","94","Chicago Sky","81","Box Score"
"356",2020-09-15,"Washington Mystics","84","Phoenix Mercury","85","Box Score"
"357",2020-09-17,"Connecticut Sun","73","Los Angeles Sparks","59","Box Score"
"358",2020-09-17,"Phoenix Mercury","79","Minnesota Lynx","80","Box Score"
"359",2020-09-20,"Connecticut Sun","87","Las Vegas Aces","62","Box Score"
"360",2020-09-22,"Connecticut Sun","75","Las Vegas Aces","83","Box Score"
"361",2020-09-22,"Minnesota Lynx","86","Seattle Storm","88","Box Score"
"362",2020-09-24,"Las Vegas Aces","68","Connecticut Sun","77","Box Score"
"363",2020-09-24,"Minnesota Lynx","79","Seattle Storm","89","Box Score"
"364",2020-09-27,"Las Vegas Aces","84","Connecticut Sun","75","Box Score"
"365",2020-09-27,"Seattle Storm","92","Minnesota Lynx","71","Box Score"
"366",2020-09-29,"Connecticut Sun","63","Las Vegas Aces","66","Box Score"
"367",2020-10-02,"Seattle Storm","93","Las Vegas Aces","80","Box Score"
"368",2020-10-04,"Seattle Storm","104","Las Vegas Aces","91","Box Score"
"369",2020-10-06,"Las Vegas Aces","59","Seattle Storm","92","Box Score"
"370",2021-05-14,"Connecticut Sun","78","Atlanta Dream","67","Box Score"
"371",2021-05-14,"Dallas Wings","94","Los Angeles Sparks","71","Box Score"
"372",2021-05-14,"Phoenix Mercury","77","Minnesota Lynx","75","Box Score"
"373",2021-05-14,"Indiana Fever","87","New York Liberty","90","Box Score"
"374",2021-05-15,"Las Vegas Aces","83","Seattle Storm","97","Box Score"
"375",2021-05-15,"Chicago Sky","70","Washington Mystics","56","Box Score"
"376",2021-05-16,"Phoenix Mercury","78","Connecticut Sun","86","Box Score"
"377",2021-05-16,"New York Liberty","73","Indiana Fever","65","Box Score"
"378",2021-05-18,"Minnesota Lynx","75","New York Liberty","86","Box Score"
"379",2021-05-18,"Las Vegas Aces","96","Seattle Storm","80","Box Score"
"380",2021-05-18,"Phoenix Mercury","91","Washington Mystics","70","Box Score"
"381",2021-05-19,"Chicago Sky","85","Atlanta Dream","77","Box Score"
"382",2021-05-19,"Indiana Fever","67","Connecticut Sun","88","Box Score"
"383",2021-05-20,"Seattle Storm","90","Minnesota Lynx","78","Box Score"
"384",2021-05-21,"Atlanta Dream","83","Indiana Fever","79","Box Score"
"385",2021-05-21,"Los Angeles Sparks","69","Las Vegas Aces","97","Box Score"
"386",2021-05-21,"Connecticut Sun","84","Phoenix Mercury","67","Box Score"
"387",2021-05-21,"New York Liberty","72","Washington Mystics","101","Box Score"
"388",2021-05-22,"Seattle Storm","100","Dallas Wings","97","Box Score"
"389",2021-05-23,"New York Liberty","93","Chicago Sky","85","Box Score"
"390",2021-05-23,"Washington Mystics","77","Indiana Fever","89","Box Score"
"391",2021-05-23,"Connecticut Sun","72","Las Vegas Aces","65","Box Score"
"392",2021-05-24,"Dallas Wings","81","New York Liberty","88","Box Score"
"393",2021-05-25,"Atlanta Dream","90","Chicago Sky","83","Box Score"
"394",2021-05-25,"Washington Mystics","85","Indiana Fever","69","Box Score"
"395",2021-05-25,"Connecticut Sun","87","Seattle Storm","90","Box Score"
"396",2021-05-26,"Las Vegas Aces","85","Phoenix Mercury","79","Box Score"
"397",2021-05-27,"Dallas Wings","95","Atlanta Dream","101","Box Score"
"398",2021-05-28,"Los Angeles Sparks","76","Chicago Sky","61","Box Score"
"399",2021-05-28,"Washington Mystics","81","Connecticut Sun","86","Box Score"
"400",2021-05-28,"Indiana Fever","77","Las Vegas Aces","113","Box Score"
"401",2021-05-28,"Minnesota Lynx","72","Seattle Storm","82","Box Score"
"402",2021-05-29,"Phoenix Mercury","89","Dallas Wings","85","Box Score"
"403",2021-05-29,"Atlanta Dream","90","New York Liberty","87","Box Score"
"404",2021-05-30,"Los Angeles Sparks","82","Chicago Sky","79","Box Score"
"405",2021-05-30,"Indiana Fever","78","Las Vegas Aces","101","Box Score"
"406",2021-05-30,"Connecticut Sun","74","Minnesota Lynx","79","Box Score"
"407",2021-06-01,"Phoenix Mercury","84","Chicago Sky","83","Box Score"
"408",2021-06-01,"Las Vegas Aces","67","Connecticut Sun","74","Box Score"
"409",2021-06-01,"Los Angeles Sparks","69","Dallas Wings","79","Box Score"
"410",2021-06-01,"Indiana Fever","73","Seattle Storm","88","Box Score"
"411",2021-06-03,"Indiana Fever","63","Los Angeles Sparks","98","Box Score"
"412",2021-06-03,"Las Vegas Aces","94","New York Liberty","82","Box Score"
"413",2021-06-03,"Chicago Sky","74","Phoenix Mercury","77","Box Score"
"414",2021-06-04,"Atlanta Dream","84","Minnesota Lynx","86","Box Score"
"415",2021-06-04,"Dallas Wings","102","Seattle Storm","105","Box Score"
"416",2021-06-05,"New York Liberty","64","Connecticut Sun","85","Box Score"
"417",2021-06-05,"Chicago Sky","63","Los Angeles Sparks","68","Box Score"
"418",2021-06-05,"Las Vegas Aces","96","Washington Mystics","93","Box Score"
"419",2021-06-06,"Atlanta Dream","80","Minnesota Lynx","100","Box Score"
"420",2021-06-06,"Dallas Wings","68","Seattle Storm","67","Box Score"
"421",2021-06-08,"Dallas Wings","85","Phoenix Mercury","81","Box Score"
"422",2021-06-08,"Minnesota Lynx","81","Washington Mystics","85","Box Score"
"423",2021-06-09,"Seattle Storm","95","Atlanta Dream","71","Box Score"
"424",2021-06-09,"Indiana Fever","76","Chicago Sky","92","Box Score"
"425",2021-06-10,"Los Angeles Sparks","71","Washington Mystics","89","Box Score"
"426",2021-06-11,"Seattle Storm","86","Atlanta Dream","75","Box Score"
"427",2021-06-11,"Dallas Wings","77","Phoenix Mercury","59","Box Score"
"428",2021-06-12,"Chicago Sky","83","Indiana Fever","79","Box Score"
"429",2021-06-12,"Los Angeles Sparks","64","Minnesota Lynx","80","Box Score"
"430",2021-06-13,"Washington Mystics","78","Atlanta Dream","101","Box Score"
"431",2021-06-13,"Seattle Storm","89","Connecticut Sun","66","Box Score"
"432",2021-06-13,"Dallas Wings","78","Las Vegas Aces","85","Box Score"
"433",2021-06-13,"New York Liberty","85","Phoenix Mercury","83","Box Score"
"434",2021-06-15,"Seattle Storm","87","Indiana Fever","70","Box Score"
"435",2021-06-15,"New York Liberty","78","Las Vegas Aces","100","Box Score"
"436",2021-06-15,"Chicago Sky","105","Minnesota Lynx","89","Box Score"
"437",2021-06-16,"Phoenix Mercury","80","Los Angeles Sparks","85","Box Score"
"438",2021-06-17,"Connecticut Sun","75","Chicago Sky","81","Box Score"
"439",2021-06-17,"Minnesota Lynx","85","Dallas Wings","73","Box Score"
"440",2021-06-17,"Seattle Storm","79","Indiana Fever","69","Box Score"
"441",2021-06-17,"New York Liberty","76","Las Vegas Aces","103","Box Score"
"442",2021-06-17,"Atlanta Dream","93","Washington Mystics","96","Box Score"
"443",2021-06-18,"Phoenix Mercury","80","Los Angeles Sparks","66","Box Score"
"444",2021-06-19,"Connecticut Sun","81","Chicago Sky","91","Box Score"
"445",2021-06-19,"Minnesota Lynx","77","Dallas Wings","95","Box Score"
"446",2021-06-19,"Indiana Fever","77","Washington Mystics","82","Box Score"
"447",2021-06-20,"New York Liberty","76","Los Angeles Sparks","73","Box Score"
"448",2021-06-22,"Dallas Wings","70","Connecticut Sun","80","Box Score"
"449",2021-06-22,"Chicago Sky","92","New York Liberty","72","Box Score"
"450",2021-06-22,"Washington Mystics","87","Seattle Storm","83","Box Score"
"451",2021-06-23,"Minnesota Lynx","87","Atlanta Dream","85","Box Score"
"452",2021-06-24,"Dallas Wings","89","Indiana Fever","64","Box Score"
"453",2021-06-24,"Washington Mystics","82","Los Angeles Sparks","89","Box Score"
"454",2021-06-24,"Chicago Sky","91","New York Liberty","68","Box Score"
"455",2021-06-25,"Las Vegas Aces","89","Minnesota Lynx","90","Box Score"
"456",2021-06-26,"New York Liberty","101","Atlanta Dream","78","Box Score"
"457",2021-06-26,"Washington Mystics","74","Dallas Wings","85","Box Score"
"458",2021-06-27,"Chicago Sky","58","Connecticut Sun","74","Box Score"
"459",2021-06-27,"Seattle Storm","92","Las Vegas Aces","95","Box Score"
"460",2021-06-27,"Los Angeles Sparks","79","Phoenix Mercury","88","Box Score"
"461",2021-06-29,"New York Liberty","69","Atlanta Dream","73","Box Score"
"462",2021-06-29,"Connecticut Sun","90","Washington Mystics","71","Box Score"
"463",2021-06-30,"Chicago Sky","91","Dallas Wings","81","Box Score"
"464",2021-06-30,"Las Vegas Aces","99","Los Angeles Sparks","75","Box Score"
"465",2021-06-30,"Minnesota Lynx","82","Phoenix Mercury","76","Box Score"
"466",2021-07-01,"Connecticut Sun","86","Indiana Fever","80","Box Score"
"467",2021-07-02,"Chicago Sky","91","Dallas Wings","100","Box Score"
"468",2021-07-02,"Las Vegas Aces","66","Los Angeles Sparks","58","Box Score"
"469",2021-07-02,"Atlanta Dream","88","Seattle Storm","91","Box Score"
"470",2021-07-03,"Connecticut Sun","67","Indiana Fever","73","Box Score"
"471",2021-07-03,"Washington Mystics","79","New York Liberty","82","Box Score"
"472",2021-07-03,"Minnesota Lynx","99","Phoenix Mercury","68","Box Score"
"473",2021-07-04,"Seattle Storm","84","Los Angeles Sparks","74","Box Score"
"474",2021-07-04,"Atlanta Dream","95","Las Vegas Aces","118","Box Score"
"475",2021-07-05,"Dallas Wings","96","New York Liberty","99","Box Score"
"476",2021-07-07,"Phoenix Mercury","99","Las Vegas Aces","90","Box Score"
"477",2021-07-07,"Dallas Wings","79","Minnesota Lynx","85","Box Score"
"478",2021-07-07,"Los Angeles Sparks","62","Seattle Storm","71","Box Score"
"479",2021-07-09,"Atlanta Dream","72","Connecticut Sun","84","Box Score"
"480",2021-07-09,"New York Liberty","69","Indiana Fever","82","Box Score"
"481",2021-07-09,"Minnesota Lynx","77","Las Vegas Aces","67","Box Score"
"482",2021-07-09,"Seattle Storm","77","Phoenix Mercury","85","Box Score"
"483",2021-07-10,"Washington Mystics","89","Chicago Sky","85","Box Score"
"484",2021-07-11,"Indiana Fever","79","Atlanta Dream","68","Box Score"
"485",2021-07-11,"Las Vegas Aces","95","Dallas Wings","79","Box Score"
"486",2021-07-11,"Minnesota Lynx","86","Los Angeles Sparks","61","Box Score"
"487",2021-07-11,"Connecticut Sun","71","New York Liberty","54","Box Score"
"488",2021-07-11,"Phoenix Mercury","75","Seattle Storm","82","Box Score"
"489",2021-08-15,"Seattle Storm","85","Chicago Sky","87","Box Score"
"490",2021-08-15,"Connecticut Sun","80","Dallas Wings","59","Box Score"
"491",2021-08-15,"Indiana Fever","70","Los Angeles Sparks","75","Box Score"
"492",2021-08-15,"Washington Mystics","83","Las Vegas Aces","84","Box Score"
"493",2021-08-15,"New York Liberty","78","Minnesota Lynx","88","Box Score"
"494",2021-08-15,"Atlanta Dream","81","Phoenix Mercury","92","Box Score"
"495",2021-08-17,"Dallas Wings","80","Chicago Sky","76","Box Score"
"496",2021-08-17,"Minnesota Lynx","60","Connecticut Sun","72","Box Score"
"497",2021-08-17,"Atlanta Dream","80","Los Angeles Sparks","85","Box Score"
"498",2021-08-17,"Washington Mystics","83","Las Vegas Aces","93","Box Score"
"499",2021-08-17,"Indiana Fever","80","Phoenix Mercury","84","Box Score"
"500",2021-08-18,"Seattle Storm","79","New York Liberty","83","Box Score"
"501",2021-08-19,"Minnesota Lynx","71","Connecticut Sun","82","Box Score"
"502",2021-08-19,"Atlanta Dream","64","Los Angeles Sparks","66","Box Score"
"503",2021-08-19,"Washington Mystics","64","Phoenix Mercury","77","Box Score"
"504",2021-08-20,"Indiana Fever","83","Dallas Wings","81","Box Score"
"505",2021-08-20,"Seattle Storm","99","New York Liberty","83","Box Score"
"506",2021-08-21,"Phoenix Mercury","84","Atlanta Dream","69","Box Score"
"507",2021-08-21,"Minnesota Lynx","101","Chicago Sky","95","Box Score"
"508",2021-08-22,"Los Angeles Sparks","86","New York Liberty","83","Box Score"
"509",2021-08-22,"Seattle Storm","85","Washington Mystics","78","Box Score"
"510",2021-08-24,"Chicago Sky","86","Atlanta Dream","79","Box Score"
"511",2021-08-24,"Las Vegas Aces","62","Connecticut Sun","76","Box Score"
"512",2021-08-24,"Seattle Storm","70","Minnesota Lynx","76","Box Score"
"513",2021-08-24,"Los Angeles Sparks","68","Washington Mystics","78","Box Score"
"514",2021-08-25,"Phoenix Mercury","106","New York Liberty","79","Box Score"
"515",2021-08-26,"Las Vegas Aces","78","Atlanta Dream","71","Box Score"
"516",2021-08-26,"Los Angeles Sparks","72","Connecticut Sun","76","Box Score"
"517",2021-08-26,"Dallas Wings","82","Washington Mystics","77","Box Score"
"518",2021-08-27,"Phoenix Mercury","80","New York Liberty","64","Box Score"
"519",2021-08-27,"Chicago Sky","73","Seattle Storm","69","Box Score"
"520",2021-08-28,"Los Angeles Sparks","61","Connecticut Sun","76","Box Score"
"521",2021-08-28,"Las Vegas Aces","87","Indiana Fever","71","Box Score"
"522",2021-08-28,"Dallas Wings","75","Washington Mystics","76","Box Score"
"523",2021-08-29,"Chicago Sky","107","Seattle Storm","75","Box Score"
"524",2021-08-31,"Los Angeles Sparks","72","Indiana Fever","74","Box Score"
"525",2021-08-31,"New York Liberty","66","Minnesota Lynx","74","Box Score"
"526",2021-08-31,"Chicago Sky","83","Phoenix Mercury","103","Box Score"
"527",2021-08-31,"Connecticut Sun","85","Washington Mystics","75","Box Score"
"528",2021-09-02,"Atlanta Dream","68","Dallas Wings","72","Box Score"
"529",2021-09-02,"Chicago Sky","83","Las Vegas Aces","90","Box Score"
"530",2021-09-02,"Los Angeles Sparks","57","Minnesota Lynx","66","Box Score"
"531",2021-09-02,"New York Liberty","75","Seattle Storm","85","Box Score"
"532",2021-09-04,"Phoenix Mercury","87","Indiana Fever","65","Box Score"
"533",2021-09-04,"Washington Mystics","75","Minnesota Lynx","93","Box Score"
"534",2021-09-05,"Las Vegas Aces","84","Chicago Sky","92","Box Score"
"535",2021-09-05,"Atlanta Dream","69","Dallas Wings","64","Box Score"
"536",2021-09-06,"Phoenix Mercury","86","Indiana Fever","81","Box Score"
"537",2021-09-07,"Connecticut Sun","83","Dallas Wings","56","Box Score"
"538",2021-09-07,"Washington Mystics","71","Seattle Storm","105","Box Score"
"539",2021-09-08,"Phoenix Mercury","76","Atlanta Dream","75","Box Score"
"540",2021-09-08,"Minnesota Lynx","81","Las Vegas Aces","102","Box Score"
"541",2021-09-09,"Connecticut Sun","75","Los Angeles Sparks","57","Box Score"
"542",2021-09-10,"Indiana Fever","72","Minnesota Lynx","89","Box Score"
"543",2021-09-10,"Atlanta Dream","74","Washington Mystics","82","Box Score"
"544",2021-09-11,"New York Liberty","76","Dallas Wings","77","Box Score"
"545",2021-09-11,"Connecticut Sun","76","Phoenix Mercury","67","Box Score"
"546",2021-09-12,"Washington Mystics","79","Chicago Sky","71","Box Score"
"547",2021-09-12,"Seattle Storm","53","Los Angeles Sparks","81","Box Score"
"548",2021-09-12,"Indiana Fever","80","Minnesota Lynx","90","Box Score"
"549",2021-09-13,"Dallas Wings","75","Las Vegas Aces","85","Box Score"
"550",2021-09-14,"Indiana Fever","78","Atlanta Dream","85","Box Score"
"551",2021-09-15,"New York Liberty","69","Connecticut Sun","98","Box Score"
"552",2021-09-16,"Los Angeles Sparks","74","Atlanta Dream","68","Box Score"
"553",2021-09-17,"Las Vegas Aces","103","Chicago Sky","70","Box Score"
"554",2021-09-17,"Minnesota Lynx","92","Indiana Fever","73","Box Score"
"555",2021-09-17,"Washington Mystics","80","New York Liberty","91","Box Score"
"556",2021-09-17,"Phoenix Mercury","85","Seattle Storm","94","Box Score"
"557",2021-09-19,"Indiana Fever","87","Chicago Sky","98","Box Score"
"558",2021-09-19,"Atlanta Dream","64","Connecticut Sun","84","Box Score"
"559",2021-09-19,"Los Angeles Sparks","84","Dallas Wings","87","Box Score"
"560",2021-09-19,"Las Vegas Aces","84","Phoenix Mercury","83","Box Score"
"561",2021-09-19,"Minnesota Lynx","83","Washington Mystics","77","Box Score"
"562",NA,"Playoffs","Playoffs","Playoffs","Playoffs","Playoffs"
"563",2021-09-23,"Dallas Wings","64","Chicago Sky","81","Box Score"
"564",2021-09-23,"New York Liberty","82","Phoenix Mercury","83","Box Score"
"565",2021-09-26,"Chicago Sky","89","Minnesota Lynx","76","Box Score"
"566",2021-09-26,"Phoenix Mercury","85","Seattle Storm","80","Box Score"
"567",2021-09-28,"Chicago Sky","101","Connecticut Sun","95","Box Score"
"568",2021-09-28,"Phoenix Mercury","90","Las Vegas Aces","96","Box Score"
"569",2021-09-30,"Chicago Sky","68","Connecticut Sun","79","Box Score"
"570",2021-09-30,"Phoenix Mercury","117","Las Vegas Aces","91","Box Score"
"571",2021-10-03,"Connecticut Sun","83","Chicago Sky","86","Box Score"
"572",2021-10-03,"Las Vegas Aces","60","Phoenix Mercury","87","Box Score"
"573",2021-10-06,"Connecticut Sun","69","Chicago Sky","79","Box Score"
"574",2021-10-06,"Las Vegas Aces","93","Phoenix Mercury","76","Box Score"
"575",2021-10-08,"Phoenix Mercury","87","Las Vegas Aces","84","Box Score"
"576",2021-10-10,"Chicago Sky","91","Phoenix Mercury","77","Box Score"
"577",2021-10-13,"Chicago Sky","86","Phoenix Mercury","91","Box Score"
"578",2021-10-15,"Phoenix Mercury","50","Chicago Sky","86","Box Score"
"579",2021-10-17,"Phoenix Mercury","74","Chicago Sky","80","Box Score"
"580",2022-05-06,"Los Angeles Sparks","98","Chicago Sky","91","Box Score"
"581",2022-05-06,"Las Vegas Aces","106","Phoenix Mercury","88","Box Score"
"582",2022-05-06,"Minnesota Lynx","74","Seattle Storm","97","Box Score"
"583",2022-05-06,"Indiana Fever","70","Washington Mystics","84","Box Score"
"584",2022-05-07,"Atlanta Dream","66","Dallas Wings","59","Box Score"
"585",2022-05-07,"Connecticut Sun","79","New York Liberty","81","Box Score"
"586",2022-05-08,"Los Angeles Sparks","87","Indiana Fever","77","Box Score"
"587",2022-05-08,"Seattle Storm","74","Las Vegas Aces","85","Box Score"
"588",2022-05-08,"Washington Mystics","78","Minnesota Lynx","66","Box Score"
"589",2022-05-10,"Minnesota Lynx","76","Indiana Fever","82","Box Score"
"590",2022-05-10,"Las Vegas Aces","76","Washington Mystics","89","Box Score"
"591",2022-05-11,"Los Angeles Sparks","75","Atlanta Dream","77","Box Score"
"592",2022-05-11,"New York Liberty","50","Chicago Sky","83","Box Score"
"593",2022-05-11,"Seattle Storm","77","Phoenix Mercury","97","Box Score"
"594",2022-05-13,"Las Vegas Aces","96","Atlanta Dream","73","Box Score"
"595",2022-05-13,"Indiana Fever","92","New York Liberty","86","Box Score"
"596",2022-05-13,"Dallas Wings","94","Washington Mystics","86","Box Score"
"597",2022-05-14,"Los Angeles Sparks","60","Connecticut Sun","77","Box Score"
"598",2022-05-14,"Chicago Sky","82","Minnesota Lynx","78","Box Score"
"599",2022-05-14,"Phoenix Mercury","69","Seattle Storm","64","Box Score"
"600",2022-05-15,"Atlanta Dream","85","Indiana Fever","79","Box Score"
"601",2022-05-15,"Dallas Wings","81","New York Liberty","71","Box Score"
"602",2022-05-17,"Washington Mystics","84","Dallas Wings","68","Box Score"
"603",2022-05-17,"Atlanta Dream","101","Indiana Fever","79","Box Score"
"604",2022-05-17,"Minnesota Lynx","87","Los Angeles Sparks","84","Box Score"
"605",2022-05-17,"Phoenix Mercury","74","Las Vegas Aces","86","Box Score"
"606",2022-05-17,"Connecticut Sun","92","New York Liberty","65","Box Score"
"607",2022-05-18,"Chicago Sky","71","Seattle Storm","74","Box Score"
"608",2022-05-19,"Minnesota Lynx","87","Las Vegas Aces","93","Box Score"
"609",2022-05-19,"Dallas Wings","94","Phoenix Mercury","84","Box Score"
"610",2022-05-20,"Washington Mystics","78","Atlanta Dream","73","Box Score"
"611",2022-05-20,"Indiana Fever","85","Connecticut Sun","94","Box Score"
"612",2022-05-20,"Los Angeles Sparks","80","Seattle Storm","83","Box Score"
"613",2022-05-21,"Minnesota Lynx","78","Dallas Wings","94","Box Score"
"614",2022-05-21,"Phoenix Mercury","80","Las Vegas Aces","100","Box Score"
"615",2022-05-22,"Connecticut Sun","92","Indiana Fever","70","Box Score"
"616",2022-05-22,"Chicago Sky","82","Washington Mystics","73","Box Score"
"617",2022-05-23,"Los Angeles Sparks","76","Las Vegas Aces","104","Box Score"
"618",2022-05-24,"Indiana Fever","90","Chicago Sky","95","Box Score"
"619",2022-05-24,"Dallas Wings","85","Connecticut Sun","77","Box Score"
"620",2022-05-24,"New York Liberty","78","Minnesota Lynx","84","Box Score"
"621",2022-05-24,"Atlanta Dream","50","Washington Mystics","70","Box Score"
"622",2022-05-25,"Phoenix Mercury","94","Los Angeles Sparks","99","Box Score"
"623",2022-05-26,"Dallas Wings","68","Connecticut Sun","99","Box Score"
"624",2022-05-27,"Los Angeles Sparks","96","Indiana Fever","101","Box Score"
"625",2022-05-27,"New York Liberty","71","Seattle Storm","79","Box Score"
"626",2022-05-28,"Las Vegas Aces","83","Chicago Sky","76","Box Score"
"627",2022-05-28,"Washington Mystics","71","Connecticut Sun","79","Box Score"
"628",2022-05-29,"Phoenix Mercury","54","Atlanta Dream","81","Box Score"
"629",2022-05-29,"Los Angeles Sparks","85","Minnesota Lynx","83","Box Score"
"630",2022-05-29,"New York Liberty","61","Seattle Storm","92","Box Score"
"631",2022-05-31,"Phoenix Mercury","70","Chicago Sky","73","Box Score"
"632",2022-05-31,"Washington Mystics","87","Indiana Fever","75","Box Score"
"633",2022-05-31,"Dallas Wings","91","Los Angeles Sparks","93","Box Score"
"634",2022-05-31,"Connecticut Sun","81","Las Vegas Aces","89","Box Score"
"635",2022-06-01,"Minnesota Lynx","76","Atlanta Dream","84","Box Score"
"636",2022-06-01,"Indiana Fever","74","New York Liberty","87","Box Score"
"637",2022-06-02,"Connecticut Sun","97","Las Vegas Aces","90","Box Score"
"638",2022-06-03,"Chicago Sky","73","Atlanta Dream","65","Box Score"
"639",2022-06-03,"Connecticut Sun","92","Phoenix Mercury","88","Box Score"
"640",2022-06-03,"Dallas Wings","68","Seattle Storm","51","Box Score"
"641",2022-06-03,"New York Liberty","74","Washington Mystics","70","Box Score"
"642",2022-06-05,"Indiana Fever","66","Atlanta Dream","75","Box Score"
"643",2022-06-05,"Washington Mystics","82","Chicago Sky","91","Box Score"
"644",2022-06-05,"Dallas Wings","78","Las Vegas Aces","84","Box Score"
"645",2022-06-05,"Minnesota Lynx","84","New York Liberty","77","Box Score"
"646",2022-06-05,"Los Angeles Sparks","74","Phoenix Mercury","81","Box Score"
"647",2022-06-05,"Connecticut Sun","93","Seattle Storm","86","Box Score"
"648",2022-06-07,"Minnesota Lynx","69","New York Liberty","88","Box Score"
"649",2022-06-07,"Atlanta Dream","60","Seattle Storm","72","Box Score"
"650",2022-06-08,"Indiana Fever","69","Connecticut Sun","88","Box Score"
"651",2022-06-08,"Chicago Sky","82","Washington Mystics","84","Box Score"
"652",2022-06-10,"Chicago Sky","83","Connecticut Sun","79","Box Score"
"653",2022-06-10,"Seattle Storm","89","Dallas Wings","88","Box Score"
"654",2022-06-10,"New York Liberty","97","Indiana Fever","83","Box Score"
"655",2022-06-10,"Washington Mystics","76","Minnesota Lynx","59","Box Score"
"656",2022-06-10,"Atlanta Dream","88","Phoenix Mercury","90","Box Score"
"657",2022-06-11,"Las Vegas Aces","89","Los Angeles Sparks","72","Box Score"
"658",2022-06-12,"Seattle Storm","84","Dallas Wings","79","Box Score"
"659",2022-06-12,"Indiana Fever","84","Minnesota Lynx","80","Box Score"
"660",2022-06-12,"Chicago Sky","88","New York Liberty","86","Box Score"
"661",2022-06-12,"Phoenix Mercury","99","Washington Mystics","90","Box Score"
"662",2022-06-14,"Seattle Storm","81","Minnesota Lynx","79","Box Score"
"663",2022-06-14,"Phoenix Mercury","65","Washington Mystics","83","Box Score"
"664",2022-06-15,"Atlanta Dream","92","Connecticut Sun","105","Box Score"
"665",2022-06-15,"Las Vegas Aces","92","Dallas Wings","84","Box Score"
"666",2022-06-15,"Phoenix Mercury","93","Indiana Fever","80","Box Score"
"667",2022-06-16,"Washington Mystics","65","New York Liberty","77","Box Score"
"668",2022-06-17,"Atlanta Dream","100","Chicago Sky","106","Box Score"
"669",2022-06-17,"Seattle Storm","71","Connecticut Sun","82","Box Score"
"670",2022-06-17,"Phoenix Mercury","88","Dallas Wings","93","Box Score"
"671",2022-06-19,"Los Angeles Sparks","82","Dallas Wings","92","Box Score"
"672",2022-06-19,"Chicago Sky","87","Indiana Fever","89","Box Score"
"673",2022-06-19,"Minnesota Lynx","95","Las Vegas Aces","96","Box Score"
"674",2022-06-19,"Seattle Storm","81","New York Liberty","72","Box Score"
"675",2022-06-19,"Connecticut Sun","63","Washington Mystics","71","Box Score"
"676",2022-06-21,"Dallas Wings","75","Atlanta Dream","80","Box Score"
"677",2022-06-21,"Washington Mystics","82","Los Angeles Sparks","84","Box Score"
"678",2022-06-21,"Chicago Sky","104","Las Vegas Aces","95","Box Score"
"679",2022-06-21,"Minnesota Lynx","84","Phoenix Mercury","71","Box Score"
"680",2022-06-22,"New York Liberty","81","Connecticut Sun","77","Box Score"
"681",2022-06-23,"Indiana Fever","68","Dallas Wings","94","Box Score"
"682",2022-06-23,"Chicago Sky","82","Los Angeles Sparks","59","Box Score"
"683",2022-06-23,"Phoenix Mercury","88","Minnesota Lynx","100","Box Score"
"684",2022-06-23,"Washington Mystics","71","Seattle Storm","85","Box Score"
"685",2022-06-24,"New York Liberty","89","Atlanta Dream","77","Box Score"
"686",2022-06-25,"Phoenix Mercury","83","Dallas Wings","72","Box Score"
"687",2022-06-25,"Washington Mystics","87","Las Vegas Aces","86","Box Score"
"688",2022-06-25,"Los Angeles Sparks","85","Seattle Storm","77","Box Score"
"689",2022-06-26,"Connecticut Sun","72","Atlanta Dream","61","Box Score"
"690",2022-06-26,"Minnesota Lynx","85","Chicago Sky","88","Box Score"
"691",2022-06-27,"Las Vegas Aces","79","Los Angeles Sparks","73","Box Score"
"692",2022-06-27,"Indiana Fever","71","Phoenix Mercury","83","Box Score"
"693",2022-06-28,"Dallas Wings","64","Minnesota Lynx","92","Box Score"
"694",2022-06-28,"Atlanta Dream","74","Washington Mystics","92","Box Score"
"695",2022-06-29,"Connecticut Sun","83","Chicago Sky","91","Box Score"
"696",2022-06-29,"Indiana Fever","78","Phoenix Mercury","99","Box Score"
"697",2022-06-29,"Las Vegas Aces","78","Seattle Storm","88","Box Score"
"698",2022-06-30,"Atlanta Dream","92","New York Liberty","81","Box Score"
"699",2022-07-01,"Los Angeles Sparks","97","Dallas Wings","89","Box Score"
"700",2022-07-01,"Las Vegas Aces","91","Minnesota Lynx","85","Box Score"
"701",2022-07-01,"Indiana Fever","57","Seattle Storm","73","Box Score"
"702",2022-07-02,"Phoenix Mercury","75","Chicago Sky","91","Box Score"
"703",2022-07-03,"Seattle Storm","76","Atlanta Dream","90","Box Score"
"704",2022-07-03,"Washington Mystics","72","Connecticut Sun","74","Box Score"
"705",2022-07-03,"New York Liberty","74","Los Angeles Sparks","84","Box Score"
"706",2022-07-03,"Las Vegas Aces","71","Minnesota Lynx","102","Box Score"
"707",2022-07-04,"Phoenix Mercury","75","Los Angeles Sparks","78","Box Score"
"708",2022-07-05,"Connecticut Sun","71","Dallas Wings","82","Box Score"
"709",2022-07-05,"Seattle Storm","95","Indiana Fever","73","Box Score"
"710",2022-07-06,"Washington Mystics","85","Atlanta Dream","66","Box Score"
"711",2022-07-06,"New York Liberty","116","Las Vegas Aces","107","Box Score"
"712",2022-07-06,"Chicago Sky","78","Minnesota Lynx","81","Box Score"
"713",2022-07-07,"Chicago Sky","93","Indiana Fever","84","Box Score"
"714",2022-07-07,"Seattle Storm","106","Los Angeles Sparks","69","Box Score"
"715",2022-07-07,"New York Liberty","81","Phoenix Mercury","84","Box Score"
"716",2022-07-12,"Atlanta Dream","75","Chicago Sky","90","Box Score"
"717",2022-07-12,"Washington Mystics","94","Los Angeles Sparks","81","Box Score"
"718",2022-07-12,"Phoenix Mercury","107","Minnesota Lynx","118","Box Score"
"719",2022-07-12,"Las Vegas Aces","107","New York Liberty","101","Box Score"
"720",2022-07-12,"Dallas Wings","74","Seattle Storm","83","Box Score"
"721",2022-07-13,"Connecticut Sun","89","Indiana Fever","81","Box Score"
"722",2022-07-14,"Chicago Sky","80","Los Angeles Sparks","68","Box Score"
"723",2022-07-14,"Dallas Wings","92","Minnesota Lynx","87","Box Score"
"724",2022-07-14,"Las Vegas Aces","108","New York Liberty","74","Box Score"
"725",2022-07-14,"Washington Mystics","75","Phoenix Mercury","80","Box Score"
"726",2022-07-15,"Connecticut Sun","93","Atlanta Dream","68","Box Score"
"727",2022-07-15,"Minnesota Lynx","87","Indiana Fever","77","Box Score"
"728",2022-07-16,"Chicago Sky","89","Dallas Wings","81","Box Score"
"729",2022-07-17,"Las Vegas Aces","91","Connecticut Sun","83","Box Score"
"730",2022-07-17,"Atlanta Dream","85","Phoenix Mercury","75","Box Score"
"731",2022-07-17,"Indiana Fever","65","Seattle Storm","81","Box Score"
"732",2022-07-17,"Minnesota Lynx","57","Washington Mystics","70","Box Score"
"733",2022-07-19,"New York Liberty","63","Connecticut Sun","82","Box Score"
"734",2022-07-19,"Indiana Fever","79","Los Angeles Sparks","86","Box Score"
"735",2022-07-19,"Atlanta Dream","92","Las Vegas Aces","76","Box Score"
"736",2022-07-20,"Seattle Storm","74","Chicago Sky","78","Box Score"
"737",2022-07-21,"Atlanta Dream","78","Los Angeles Sparks","85","Box Score"
"738",2022-07-21,"Indiana Fever","77","Las Vegas Aces","90","Box Score"
"739",2022-07-21,"New York Liberty","69","Washington Mystics","78","Box Score"
"740",2022-07-22,"Dallas Wings","83","Chicago Sky","89","Box Score"
"741",2022-07-22,"Connecticut Sun","94","Minnesota Lynx","84","Box Score"
"742",2022-07-22,"Seattle Storm","78","Phoenix Mercury","94","Box Score"
"743",2022-07-23,"Los Angeles Sparks","66","Las Vegas Aces","84","Box Score"
"744",2022-07-23,"Chicago Sky","80","New York Liberty","83","Box Score"
"745",2022-07-24,"Dallas Wings","96","Indiana Fever","86","Box Score"
"746",2022-07-24,"Connecticut Sun","86","Minnesota Lynx","79","Box Score"
"747",2022-07-24,"Atlanta Dream","72","Seattle Storm","82","Box Score"
"748",2022-07-28,"Minnesota Lynx","92","Atlanta Dream","85","Box Score"
"749",2022-07-28,"Seattle Storm","83","Connecticut Sun","88","Box Score"
"750",2022-07-28,"Washington Mystics","87","Dallas Wings","77","Box Score"
"751",2022-07-28,"Los Angeles Sparks","80","Phoenix Mercury","90","Box Score"
"752",2022-07-29,"New York Liberty","81","Chicago Sky","89","Box Score"
"753",2022-07-29,"Las Vegas Aces","93","Indiana Fever","72","Box Score"
"754",2022-07-30,"Dallas Wings","81","Atlanta Dream","68","Box Score"
"755",2022-07-30,"Seattle Storm","82","Washington Mystics","77","Box Score"
"756",2022-07-31,"Chicago Sky","95","Connecticut Sun","92","Box Score"
"757",2022-07-31,"Las Vegas Aces","94","Indiana Fever","69","Box Score"
"758",2022-07-31,"Minnesota Lynx","84","Los Angeles Sparks","77","Box Score"
"759",2022-07-31,"Phoenix Mercury","69","New York Liberty","89","Box Score"
"760",2022-07-31,"Seattle Storm","75","Washington Mystics","78","Box Score"
"761",2022-08-02,"Dallas Wings","84","Chicago Sky","78","Box Score"
"762",2022-08-02,"Phoenix Mercury","63","Connecticut Sun","87","Box Score"
"763",2022-08-02,"Los Angeles Sparks","73","New York Liberty","102","Box Score"
"764",2022-08-02,"Las Vegas Aces","73","Washington Mystics","83","Box Score"
"765",2022-08-03,"Indiana Fever","81","Atlanta Dream","91","Box Score"
"766",2022-08-03,"Los Angeles Sparks","61","New York Liberty","64","Box Score"
"767",2022-08-03,"Minnesota Lynx","77","Seattle Storm","89","Box Score"
"768",2022-08-04,"Phoenix Mercury","64","Connecticut Sun","77","Box Score"
"769",2022-08-04,"Las Vegas Aces","80","Dallas Wings","82","Box Score"
"770",2022-08-05,"Los Angeles Sparks","86","Atlanta Dream","88","Box Score"
"771",2022-08-05,"Washington Mystics","83","Chicago Sky","93","Box Score"
"772",2022-08-06,"Indiana Fever","91","Dallas Wings","95","Box Score"
"773",2022-08-06,"New York Liberty","62","Phoenix Mercury","76","Box Score"
"774",2022-08-07,"Connecticut Sun","91","Chicago Sky","94","Box Score"
"775",2022-08-07,"Atlanta Dream","71","Minnesota Lynx","81","Box Score"
"776",2022-08-07,"Las Vegas Aces","89","Seattle Storm","81","Box Score"
"777",2022-08-07,"Los Angeles Sparks","79","Washington Mystics","76","Box Score"
"778",2022-08-08,"New York Liberty","77","Dallas Wings","86","Box Score"
"779",2022-08-09,"Seattle Storm","111","Chicago Sky","100","Box Score"
"780",2022-08-09,"Connecticut Sun","97","Los Angeles Sparks","71","Box Score"
"781",2022-08-09,"Atlanta Dream","90","Las Vegas Aces","97","Box Score"
"782",2022-08-10,"New York Liberty","91","Dallas Wings","73","Box Score"
"783",2022-08-10,"Minnesota Lynx","86","Phoenix Mercury","77","Box Score"
"784",2022-08-11,"Connecticut Sun","93","Los Angeles Sparks","69","Box Score"
"785",2022-08-11,"Chicago Sky","78","Las Vegas Aces","89","Box Score"
"786",2022-08-12,"New York Liberty","80","Atlanta Dream","70","Box Score"
"787",2022-08-12,"Washington Mystics","82","Indiana Fever","70","Box Score"
"788",2022-08-12,"Seattle Storm","96","Minnesota Lynx","69","Box Score"
"789",2022-08-12,"Dallas Wings","74","Phoenix Mercury","86","Box Score"
"790",2022-08-14,"Minnesota Lynx","83","Connecticut Sun","90","Box Score"
"791",2022-08-14,"Dallas Wings","116","Los Angeles Sparks","88","Box Score"
"792",2022-08-14,"Seattle Storm","100","Las Vegas Aces","109","Box Score"
"793",2022-08-14,"Atlanta Dream","83","New York Liberty","87","Box Score"
"794",2022-08-14,"Chicago Sky","82","Phoenix Mercury","67","Box Score"
"795",2022-08-14,"Indiana Fever","83","Washington Mystics","95","Box Score"
"796",NA,"Playoffs","Playoffs","Playoffs","Playoffs","Playoffs"
"797",2022-08-17,"New York Liberty","98","Chicago Sky","91","Box Score"
"798",2022-08-17,"Phoenix Mercury","63","Las Vegas Aces","79","Box Score"
"799",2022-08-18,"Dallas Wings","68","Connecticut Sun","93","Box Score"
"800",2022-08-18,"Washington Mystics","83","Seattle Storm","86","Box Score"
"801",2022-08-20,"New York Liberty","62","Chicago Sky","100","Box Score"
"802",2022-08-20,"Phoenix Mercury","80","Las Vegas Aces","117","Box Score"
"803",2022-08-21,"Dallas Wings","89","Connecticut Sun","79","Box Score"
"804",2022-08-21,"Washington Mystics","84","Seattle Storm","97","Box Score"
"805",2022-08-23,"Chicago Sky","90","New York Liberty","72","Box Score"
"806",2022-08-24,"Connecticut Sun","73","Dallas Wings","58","Box Score"
"807",2022-08-28,"Connecticut Sun","68","Chicago Sky","63","Box Score"
"808",2022-08-28,"Seattle Storm","76","Las Vegas Aces","73","Box Score"
"809",2022-08-31,"Connecticut Sun","77","Chicago Sky","85","Box Score"
"810",2022-08-31,"Seattle Storm","73","Las Vegas Aces","78","Box Score"
"811",2022-09-04,"Chicago Sky","76","Connecticut Sun","72","Box Score"
"812",2022-09-04,"Las Vegas Aces","110","Seattle Storm","98","Box Score"
"813",2022-09-06,"Chicago Sky","80","Connecticut Sun","104","Box Score"
"814",2022-09-06,"Las Vegas Aces","97","Seattle Storm","92","Box Score"
"815",2022-09-08,"Connecticut Sun","72","Chicago Sky","63","Box Score"
"816",2022-09-11,"Connecticut Sun","64","Las Vegas Aces","67","Box Score"
"817",2022-09-13,"Connecticut Sun","71","Las Vegas Aces","85","Box Score"
"818",2022-09-15,"Las Vegas Aces","76","Connecticut Sun","105","Box Score"
"819",2022-09-18,"Las Vegas Aces","78","Connecticut Sun","71","Box Score"
"820",2023-05-19,"Connecticut Sun","70","Indiana Fever","61","Box Score"
"821",2023-05-19,"Phoenix Mercury","71","Los Angeles Sparks","94","Box Score"
"822",2023-05-19,"Chicago Sky","77","Minnesota Lynx","66","Box Score"
"823",2023-05-19,"New York Liberty","64","Washington Mystics","80","Box Score"
"824",2023-05-20,"Atlanta Dream","78","Dallas Wings","85","Box Score"
"825",2023-05-20,"Las Vegas Aces","105","Seattle Storm","64","Box Score"
"826",2023-05-21,"Washington Mystics","74","Connecticut Sun","80","Box Score"
"827",2023-05-21,"Indiana Fever","73","New York Liberty","90","Box Score"
"828",2023-05-21,"Chicago Sky","75","Phoenix Mercury","69","Box Score"
"829",2023-05-23,"Atlanta Dream","83","Minnesota Lynx","77","Box Score"
"830",2023-05-23,"Connecticut Sun","88","Washington Mystics","81","Box Score"
"831",2023-05-25,"Las Vegas Aces","94","Los Angeles Sparks","85","Box Score"
"832",2023-05-25,"Minnesota Lynx","81","Phoenix Mercury","90","Box Score"
"833",2023-05-26,"Washington Mystics","71","Chicago Sky","69","Box Score"
"834",2023-05-26,"Dallas Wings","95","Seattle Storm","91","Box Score"
"835",2023-05-27,"Los Angeles Sparks","65","Las Vegas Aces","93","Box Score"
"836",2023-05-27,"Connecticut Sun","65","New York Liberty","81","Box Score"
"837",2023-05-28,"Indiana Fever","90","Atlanta Dream","87","Box Score"
"838",2023-05-28,"Dallas Wings","88","Chicago Sky","94","Box Score"
"839",2023-05-28,"Minnesota Lynx","73","Las Vegas Aces","94","Box Score"
"840",2023-05-30,"Chicago Sky","65","Atlanta Dream","83","Box Score"
"841",2023-05-30,"Indiana Fever","78","Connecticut Sun","81","Box Score"
"842",2023-05-30,"Minnesota Lynx","89","Dallas Wings","94","Box Score"
"843",2023-05-30,"New York Liberty","86","Seattle Storm","78","Box Score"
"844",2023-06-01,"Connecticut Sun","89","Minnesota Lynx","84","Box Score"
"845",2023-06-02,"Las Vegas Aces","92","Atlanta Dream","87","Box Score"
"846",2023-06-02,"New York Liberty","77","Chicago Sky","76","Box Score"
"847",2023-06-02,"Los Angeles Sparks","99","Phoenix Mercury","93","Box Score"
"848",2023-06-02,"Dallas Wings","74","Washington Mystics","75","Box Score"
"849",2023-06-03,"Seattle Storm","85","Los Angeles Sparks","92","Box Score"
"850",2023-06-03,"Minnesota Lynx","80","Washington Mystics","78","Box Score"
"851",2023-06-04,"Dallas Wings","74","Connecticut Sun","80","Box Score"
"852",2023-06-04,"Las Vegas Aces","84","Indiana Fever","80","Box Score"
"853",2023-06-04,"Chicago Sky","86","New York Liberty","82","Box Score"
"854",2023-06-06,"Indiana Fever","103","Chicago Sky","108","Box Score"
"855",2023-06-06,"Las Vegas Aces","90","Connecticut Sun","84","Box Score"
"856",2023-06-06,"Los Angeles Sparks","63","Seattle Storm","66","Box Score"
"857",2023-06-07,"Phoenix Mercury","79","Dallas Wings","84","Box Score"
"858",2023-06-08,"Las Vegas Aces","77","Connecticut Sun","94","Box Score"
"859",2023-06-09,"New York Liberty","106","Atlanta Dream","83","Box Score"
"860",2023-06-09,"Phoenix Mercury","77","Dallas Wings","90","Box Score"
"861",2023-06-09,"Chicago Sky","62","Los Angeles Sparks","77","Box Score"
"862",2023-06-09,"Indiana Fever","71","Minnesota Lynx","69","Box Score"
"863",2023-06-09,"Washington Mystics","73","Seattle Storm","66","Box Score"
"864",2023-06-11,"Connecticut Sun","89","Atlanta Dream","77","Box Score"
"865",2023-06-11,"Phoenix Mercury","85","Indiana Fever","82","Box Score"
"866",2023-06-11,"Chicago Sky","80","Las Vegas Aces","93","Box Score"
"867",2023-06-11,"Los Angeles Sparks","86","Minnesota Lynx","91","Box Score"
"868",2023-06-11,"Dallas Wings","93","New York Liberty","102","Box Score"
"869",2023-06-11,"Washington Mystics","71","Seattle Storm","65","Box Score"
"870",2023-06-13,"Washington Mystics","66","Indiana Fever","87","Box Score"
"871",2023-06-13,"Atlanta Dream","86","New York Liberty","79","Box Score"
"872",2023-06-13,"Seattle Storm","83","Phoenix Mercury","69","Box Score"
"873",2023-06-14,"Los Angeles Sparks","79","Dallas Wings","61","Box Score"
"874",2023-06-15,"Indiana Fever","92","Chicago Sky","90","Box Score"
"875",2023-06-15,"Atlanta Dream","92","Connecticut Sun","88","Box Score"
"876",2023-06-15,"Seattle Storm","63","Las Vegas Aces","96","Box Score"
"877",2023-06-16,"Minnesota Lynx","77","Los Angeles Sparks","72","Box Score"
"878",2023-06-16,"Phoenix Mercury","69","Washington Mystics","88","Box Score"
"879",2023-06-17,"Seattle Storm","109","Dallas Wings","103","Box Score"
"880",2023-06-18,"Atlanta Dream","100","Indiana Fever","94","Box Score"
"881",2023-06-18,"Connecticut Sun","83","Los Angeles Sparks","74","Box Score"
"882",2023-06-18,"Minnesota Lynx","62","Las Vegas Aces","93","Box Score"
"883",2023-06-18,"Phoenix Mercury","71","New York Liberty","89","Box Score"
"884",2023-06-18,"Chicago Sky","69","Washington Mystics","77","Box Score"
"885",2023-06-20,"Atlanta Dream","73","Dallas Wings","85","Box Score"
"886",2023-06-20,"Minnesota Lynx","67","Los Angeles Sparks","61","Box Score"
"887",2023-06-20,"Connecticut Sun","85","Seattle Storm","79","Box Score"
"888",2023-06-21,"Las Vegas Aces","99","Phoenix Mercury","79","Box Score"
"889",2023-06-22,"Washington Mystics","80","Chicago Sky","59","Box Score"
"890",2023-06-22,"Connecticut Sun","89","Minnesota Lynx","68","Box Score"
"891",2023-06-22,"Indiana Fever","80","Seattle Storm","68","Box Score"
"892",2023-06-23,"New York Liberty","110","Atlanta Dream","80","Box Score"
"893",2023-06-23,"Dallas Wings","74","Los Angeles Sparks","76","Box Score"
"894",2023-06-24,"Indiana Fever","88","Las Vegas Aces","101","Box Score"
"895",2023-06-24,"Phoenix Mercury","74","Seattle Storm","97","Box Score"
"896",2023-06-25,"Chicago Sky","72","Connecticut Sun","96","Box Score"
"897",2023-06-25,"Dallas Wings","83","Los Angeles Sparks","93","Box Score"
"898",2023-06-25,"Washington Mystics","88","New York Liberty","89","Box Score"
"899",2023-06-26,"Indiana Fever","80","Las Vegas Aces","88","Box Score"
"900",2023-06-27,"New York Liberty","89","Connecticut Sun","81","Box Score"
"901",2023-06-27,"Seattle Storm","93","Minnesota Lynx","104","Box Score"
"902",2023-06-27,"Dallas Wings","77","Phoenix Mercury","62","Box Score"
"903",2023-06-28,"Los Angeles Sparks","63","Chicago Sky","80","Box Score"
"904",2023-06-28,"Atlanta Dream","86","Washington Mystics","109","Box Score"
"905",2023-06-29,"New York Liberty","81","Las Vegas Aces","98","Box Score"
"906",2023-06-29,"Indiana Fever","63","Phoenix Mercury","85","Box Score"
"907",2023-06-29,"Minnesota Lynx","99","Seattle Storm","97","Box Score"
"908",2023-06-30,"Washington Mystics","89","Atlanta Dream","94","Box Score"
"909",2023-06-30,"Los Angeles Sparks","78","Chicago Sky","86","Box Score"
"910",2023-07-01,"Connecticut Sun","84","Las Vegas Aces","102","Box Score"
"911",2023-07-01,"Minnesota Lynx","86","Phoenix Mercury","76","Box Score"
"912",2023-07-02,"Los Angeles Sparks","84","Atlanta Dream","112","Box Score"
"913",2023-07-02,"Washington Mystics","72","Dallas Wings","89","Box Score"
"914",2023-07-02,"Chicago Sky","89","Indiana Fever","87","Box Score"
"915",2023-07-02,"New York Liberty","81","Seattle Storm","66","Box Score"
"916",2023-07-05,"Atlanta Dream","90","Los Angeles Sparks","79","Box Score"
"917",2023-07-05,"Dallas Wings","82","Las Vegas Aces","89","Box Score"
"918",2023-07-05,"Indiana Fever","83","Minnesota Lynx","90","Box Score"
"919",2023-07-05,"Phoenix Mercury","95","New York Liberty","99","Box Score"
"920",2023-07-06,"Seattle Storm","73","Connecticut Sun","93","Box Score"
"921",2023-07-07,"Atlanta Dream","82","Chicago Sky","68","Box Score"
"922",2023-07-07,"Las Vegas Aces","78","Dallas Wings","80","Box Score"
"923",2023-07-07,"Phoenix Mercury","64","Minnesota Lynx","75","Box Score"
"924",2023-07-07,"Indiana Fever","88","Washington Mystics","96","Box Score"
"925",2023-07-08,"Seattle Storm","76","New York Liberty","80","Box Score"
"926",2023-07-09,"Atlanta Dream","88","Chicago Sky","77","Box Score"
"927",2023-07-09,"Washington Mystics","84","Connecticut Sun","92","Box Score"
"928",2023-07-09,"Dallas Wings","77","Indiana Fever","76","Box Score"
"929",2023-07-09,"Las Vegas Aces","113","Minnesota Lynx","89","Box Score"
"930",2023-07-09,"Los Angeles Sparks","72","Phoenix Mercury","78","Box Score"
"931",2023-07-11,"Phoenix Mercury","72","Las Vegas Aces","98","Box Score"
"932",2023-07-11,"Seattle Storm","86","Washington Mystics","93","Box Score"
"933",2023-07-12,"Seattle Storm","75","Atlanta Dream","85","Box Score"
"934",2023-07-12,"Connecticut Sun","84","Chicago Sky","72","Box Score"
"935",2023-07-12,"New York Liberty","95","Indiana Fever","87","Box Score"
"936",2023-07-12,"Las Vegas Aces","97","Los Angeles Sparks","78","Box Score"
"937",2023-07-12,"Dallas Wings","107","Minnesota Lynx","67","Box Score"
"938",2023-07-18,"Minnesota Lynx","73","Atlanta Dream","82","Box Score"
"939",2023-07-18,"Connecticut Sun","66","Phoenix Mercury","72","Box Score"
"940",2023-07-19,"Dallas Wings","98","New York Liberty","88","Box Score"
"941",2023-07-19,"Indiana Fever","82","Washington Mystics","76","Box Score"
"942",2023-07-20,"Atlanta Dream","71","Connecticut Sun","82","Box Score"
"943",2023-07-20,"Los Angeles Sparks","70","Minnesota Lynx","73","Box Score"
"944",2023-07-20,"Chicago Sky","62","Phoenix Mercury","80","Box Score"
"945",2023-07-20,"Las Vegas Aces","79","Seattle Storm","63","Box Score"
"946",2023-07-21,"New York Liberty","96","Washington Mystics","87","Box Score"
"947",2023-07-22,"Connecticut Sun","86","Atlanta Dream","78","Box Score"
"948",2023-07-22,"Los Angeles Sparks","84","Dallas Wings","98","Box Score"
"949",2023-07-22,"Las Vegas Aces","98","Minnesota Lynx","81","Box Score"
"950",2023-07-22,"Chicago Sky","90","Seattle Storm","75","Box Score"
"951",2023-07-23,"Indiana Fever","83","New York Liberty","101","Box Score"
"952",2023-07-23,"Phoenix Mercury","69","Washington Mystics","84","Box Score"
"953",2023-07-25,"Phoenix Mercury","65","Atlanta Dream","78","Box Score"
"954",2023-07-25,"Las Vegas Aces","107","Chicago Sky","95","Box Score"
"955",2023-07-25,"Connecticut Sun","88","Dallas Wings","83","Box Score"
"956",2023-07-25,"Indiana Fever","78","Los Angeles Sparks","79","Box Score"
"957",2023-07-25,"Seattle Storm","82","New York Liberty","86","Box Score"
"958",2023-07-26,"Washington Mystics","92","Minnesota Lynx","97","Box Score"
"959",2023-07-27,"Indiana Fever","68","Los Angeles Sparks","81","Box Score"
"960",2023-07-27,"Atlanta Dream","84","New York Liberty","95","Box Score"
"961",2023-07-28,"Seattle Storm","83","Chicago Sky","74","Box Score"
"962",2023-07-28,"Washington Mystics","62","Dallas Wings","90","Box Score"
"963",2023-07-28,"Minnesota Lynx","88","New York Liberty","83","Box Score"
"964",2023-07-30,"Washington Mystics","73","Atlanta Dream","80","Box Score"
"965",2023-07-30,"Phoenix Mercury","85","Chicago Sky","104","Box Score"
"966",2023-07-30,"Minnesota Lynx","87","Connecticut Sun","83","Box Score"
"967",2023-07-30,"Seattle Storm","85","Indiana Fever","62","Box Score"
"968",2023-07-30,"New York Liberty","87","Los Angeles Sparks","79","Box Score"
"969",2023-07-30,"Dallas Wings","91","Las Vegas Aces","104","Box Score"
"970",2023-08-01,"Minnesota Lynx","69","Connecticut Sun","79","Box Score"
"971",2023-08-01,"Phoenix Mercury","71","Indiana Fever","72","Box Score"
"972",2023-08-01,"New York Liberty","76","Los Angeles Sparks","69","Box Score"
"973",2023-08-01,"Atlanta Dream","72","Las Vegas Aces","93","Box Score"
"974",2023-08-02,"Dallas Wings","76","Seattle Storm","65","Box Score"
"975",2023-08-03,"Atlanta Dream","71","Phoenix Mercury","91","Box Score"
"976",2023-08-04,"Chicago Sky","104","Dallas Wings","89","Box Score"
"977",2023-08-04,"Connecticut Sun","88","Indiana Fever","72","Box Score"
"978",2023-08-04,"New York Liberty","76","Minnesota Lynx","66","Box Score"
"979",2023-08-04,"Los Angeles Sparks","77","Washington Mystics","79","Box Score"
"980",2023-08-05,"Seattle Storm","97","Phoenix Mercury","91","Box Score"
"981",2023-08-06,"Indiana Fever","73","Atlanta Dream","82","Box Score"
"982",2023-08-06,"Chicago Sky","104","Dallas Wings","96","Box Score"
"983",2023-08-06,"Las Vegas Aces","61","New York Liberty","99","Box Score"
"984",2023-08-06,"Los Angeles Sparks","91","Washington Mystics","83","Box Score"
"985",2023-08-08,"Minnesota Lynx","88","Chicago Sky","79","Box Score"
"986",2023-08-08,"Las Vegas Aces","104","Dallas Wings","84","Box Score"
"987",2023-08-08,"Los Angeles Sparks","87","Indiana Fever","80","Box Score"
"988",2023-08-08,"Washington Mystics","72","Phoenix Mercury","91","Box Score"
"989",2023-08-08,"Connecticut Sun","81","Seattle Storm","69","Box Score"
"990",2023-08-10,"Minnesota Lynx","73","Indiana Fever","91","Box Score"
"991",2023-08-10,"Connecticut Sun","84","Phoenix Mercury","90","Box Score"
"992",2023-08-10,"Atlanta Dream","67","Seattle Storm","68","Box Score"
"993",2023-08-11,"Washington Mystics","89","Las Vegas Aces","113","Box Score"
"994",2023-08-11,"Chicago Sky","73","New York Liberty","89","Box Score"
"995",2023-08-12,"Connecticut Sun","81","Dallas Wings","91","Box Score"
"996",2023-08-12,"Atlanta Dream","74","Los Angeles Sparks","85","Box Score"
"997",2023-08-13,"New York Liberty","100","Indiana Fever","89","Box Score"
"998",2023-08-13,"Atlanta Dream","65","Las Vegas Aces","86","Box Score"
"999",2023-08-13,"Phoenix Mercury","71","Seattle Storm","81","Box Score"
"1000",2023-08-13,"Chicago Sky","76","Washington Mystics","83","Box Score"
"1001",2023-08-17,"New York Liberty","75","Las Vegas Aces","88","Box Score"
"1002",2023-08-18,"Chicago Sky","67","Atlanta Dream","78","Box Score"
"1003",2023-08-18,"Dallas Wings","95","Connecticut Sun","75","Box Score"
"1004",2023-08-18,"Washington Mystics","83","Indiana Fever","79","Box Score"
"1005",2023-08-18,"New York Liberty","85","Phoenix Mercury","63","Box Score"
"1006",2023-08-18,"Minnesota Lynx","78","Seattle Storm","70","Box Score"
"1007",2023-08-19,"Los Angeles Sparks","78","Las Vegas Aces","72","Box Score"
"1008",2023-08-20,"Connecticut Sun","79","Chicago Sky","73","Box Score"
"1009",2023-08-20,"Seattle Storm","88","Minnesota Lynx","74","Box Score"
"1010",2023-08-20,"Indiana Fever","83","Phoenix Mercury","73","Box Score"
"1011",2023-08-20,"Dallas Wings","97","Washington Mystics","84","Box Score"
"1012",2023-08-22,"Las Vegas Aces","112","Atlanta Dream","100","Box Score"
"1013",2023-08-22,"Seattle Storm","79","Chicago Sky","102","Box Score"
"1014",2023-08-22,"Dallas Wings","86","Minnesota Lynx","91","Box Score"
"1015",2023-08-22,"Connecticut Sun","68","Washington Mystics","64","Box Score"
"1016",2023-08-23,"Phoenix Mercury","62","Los Angeles Sparks","91","Box Score"
"1017",2023-08-24,"Las Vegas Aces","94","Chicago Sky","87","Box Score"
"1018",2023-08-24,"New York Liberty","95","Connecticut Sun","90","Box Score"
"1019",2023-08-24,"Minnesota Lynx","90","Dallas Wings","81","Box Score"
"1020",2023-08-24,"Seattle Storm","86","Indiana Fever","90","Box Score"
"1021",2023-08-25,"Los Angeles Sparks","83","Atlanta Dream","78","Box Score"
"1022",2023-08-26,"New York Liberty","111","Minnesota Lynx","76","Box Score"
"1023",2023-08-26,"Las Vegas Aces","62","Washington Mystics","78","Box Score"
"1024",2023-08-27,"Los Angeles Sparks","68","Connecticut Sun","83","Box Score"
"1025",2023-08-27,"Atlanta Dream","80","Indiana Fever","83","Box Score"
"1026",2023-08-27,"Dallas Wings","77","Phoenix Mercury","74","Box Score"
"1027",2023-08-27,"Chicago Sky","90","Seattle Storm","85","Box Score"
"1028",2023-08-28,"Las Vegas Aces","85","New York Liberty","94","Box Score"
"1029",2023-08-29,"Phoenix Mercury","76","Atlanta Dream","94","Box Score"
"1030",2023-08-29,"Chicago Sky","76","Los Angeles Sparks","75","Box Score"
"1031",2023-08-29,"Minnesota Lynx","72","Washington Mystics","83","Box Score"
"1032",2023-08-31,"Phoenix Mercury","74","Connecticut Sun","84","Box Score"
"1033",2023-08-31,"Seattle Storm","72","Los Angeles Sparks","61","Box Score"
"1034",2023-08-31,"Washington Mystics","75","Las Vegas Aces","84","Box Score"
"1035",2023-09-01,"Dallas Wings","110","Indiana Fever","100","Box Score"
"1036",2023-09-01,"Atlanta Dream","85","Minnesota Lynx","91","Box Score"
"1037",2023-09-01,"Connecticut Sun","58","New York Liberty","89","Box Score"
"1038",2023-09-02,"Seattle Storm","77","Las Vegas Aces","103","Box Score"
"1039",2023-09-03,"New York Liberty","86","Chicago Sky","69","Box Score"
"1040",2023-09-03,"Indiana Fever","97","Dallas Wings","84","Box Score"
"1041",2023-09-03,"Washington Mystics","64","Los Angeles Sparks","72","Box Score"
"1042",2023-09-03,"Phoenix Mercury","73","Minnesota Lynx","86","Box Score"
"1043",2023-09-05,"Los Angeles Sparks","76","Connecticut Sun","90","Box Score"
"1044",2023-09-05,"New York Liberty","94","Dallas Wings","93","Box Score"
"1045",2023-09-05,"Chicago Sky","96","Indiana Fever","69","Box Score"
"1046",2023-09-05,"Washington Mystics","100","Phoenix Mercury","77","Box Score"
"1047",2023-09-06,"Seattle Storm","68","Atlanta Dream","79","Box Score"
"1048",2023-09-07,"Los Angeles Sparks","89","New York Liberty","96","Box Score"
"1049",2023-09-08,"Minnesota Lynx","87","Chicago Sky","92","Box Score"
"1050",2023-09-08,"Indiana Fever","59","Connecticut Sun","76","Box Score"
"1051",2023-09-08,"Seattle Storm","91","Dallas Wings","106","Box Score"
"1052",2023-09-08,"Las Vegas Aces","94","Phoenix Mercury","73","Box Score"
"1053",2023-09-08,"Atlanta Dream","80","Washington Mystics","75","Box Score"
"1054",2023-09-10,"Dallas Wings","94","Atlanta Dream","77","Box Score"
"1055",2023-09-10,"Chicago Sky","102","Connecticut Sun","91","Box Score"
"1056",2023-09-10,"Minnesota Lynx","72","Indiana Fever","87","Box Score"
"1057",2023-09-10,"Phoenix Mercury","85","Las Vegas Aces","100","Box Score"
"1058",2023-09-10,"Washington Mystics","90","New York Liberty","88","Box Score"
"1059",2023-09-10,"Los Angeles Sparks","91","Seattle Storm","89","Box Score"
"1060",NA,"Playoffs","Playoffs","Playoffs","Playoffs","Playoffs"
"1061",2023-09-13,"Minnesota Lynx","60","Connecticut Sun","90","Box Score"
"1062",2023-09-13,"Chicago Sky","59","Las Vegas Aces","87","Box Score"
"1063",2023-09-15,"Atlanta Dream","82","Dallas Wings","94","Box Score"
"1064",2023-09-15,"Washington Mystics","75","New York Liberty","90","Box Score"
"1065",2023-09-17,"Minnesota Lynx","82","Connecticut Sun","75","Box Score"
"1066",2023-09-17,"Chicago Sky","70","Las Vegas Aces","92","Box Score"
"1067",2023-09-19,"Atlanta Dream","74","Dallas Wings","101","Box Score"
"1068",2023-09-19,"Washington Mystics","85","New York Liberty","90","Box Score"
"1069",2023-09-20,"Connecticut Sun","90","Minnesota Lynx","75","Box Score"
"1070",2023-09-24,"Dallas Wings","83","Las Vegas Aces","97","Box Score"
"1071",2023-09-24,"Connecticut Sun","78","New York Liberty","63","Box Score"
"1072",2023-09-26,"Dallas Wings","84","Las Vegas Aces","91","Box Score"
"1073",2023-09-26,"Connecticut Sun","77","New York Liberty","84","Box Score"
"1074",2023-09-29,"New York Liberty","92","Connecticut Sun","81","Box Score"
"1075",2023-09-29,"Las Vegas Aces","64","Dallas Wings","61","Box Score"
"1076",2023-10-01,"New York Liberty","87","Connecticut Sun","84","Box Score"
"1077",2023-10-08,"New York Liberty","82","Las Vegas Aces","99","Box Score"
"1078",2023-10-11,"New York Liberty","76","Las Vegas Aces","104","Box Score"
"1079",2023-10-15,"Las Vegas Aces","73","New York Liberty","87","Box Score"
"1080",2023-10-18,"Las Vegas Aces","70","New York Liberty","69","Box Score"
